vpip,ratio action,bot
0.4444444444444444,0.46,random_agent
0.5671641791044776,0.58,agent_out
0.09433962264150944,0.09,agent_serre_agressif
0.2537313432835821,0.25,agent_naif
0.94,0.94,agent_allIn
0.038461538461538464,0.04,agent_saboteur
0.0,0.0,agent_serre_non_agressif
0.10714285714285714,0.11,agent_large_non_agressif
